<?xml version="1.0" encoding="UTF-8"?>
<?xml-stylesheet type="text/xsl" href="modx.prosilver.en.xsl"?>
<!--For security purposes, please check: http://www.phpbb.com/mods/ for the latest version of this MOD. Although MODs are checked before being allowed in the MODs Database there is no guarantee that there are no security problems within the MOD. No support will be given for MODs not found within the MODs Database which can be found at http://www.phpbb.com/mods/-->
<mod xmlns:xsi="http://www.w3.org/2001/XMLSchema-instance" xmlns="http://www.phpbb.com/mods/xml/modx-1.2.0.xsd">
    <header>
        <license>http://opensource.org/licenses/gpl-license.php GNU General Public License v2</license>
        <title lang="en">Send PM on Friend</title>
        <description lang="en">Sends a PM to tell people that someone has added them as a friend </description>
        <author-notes lang="en">send_friend_pm function written by Kevin Martin (DualFusion) yusuka_madik@yahoo.com </author-notes>
        <author-group/>
        <mod-version>0.4.0</mod-version>
        <installation>
            <level>easy</level>
            <time>5</time>
            <target-version>3.0.6</target-version>
        </installation>
        <history/>
    </header>
    <action-group>
        <open src="includes/functions_privmsgs.php">
            <edit>
                <find><![CDATA[$message	= sprintf($user->lang['FRIEND_PM_MESSAGE'], $friend_user_id, $friendusername,($user->optionget('viewavatars')) ? get_user_avatar($row['user_avatar'], $row['user_avatar_type'], $row['user_avatar_width'], $row['user_avatar_height']) : '');]]>
                </find>
                <action type="replace-with">
                    <![CDATA[
                        if($link) {
                            $template = $user->lang['FRIEND_PM_MESSAGE'];
                        }
                        else
                        {
                            $template = $user->lang['FRIEND_PM_MESSAGE_NO_LINK'];
                        }
                        $message	= sprintf($template, $friend_user_id, $friendusername,($user->optionget('viewavatars')) ? get_user_avatar($row['user_avatar'], $row['user_avatar_type'], $row['user_avatar_width'], $row['user_avatar_height']) : '');
                    ]]>
                </action>
            </edit>
        </open>
        <open src="includes/ucp/ucp_zebra.php">
            <edit>
                <find><![CDATA[ send_friend_pm($friend_to_be_id, $user->data['username'], $user->data['user_id']); ]]>
                </find>
                <action type="before-add"><![CDATA[
                            $sql = "SELECT * FROM `zebra` WHERE user_id = {$friend_to_be_id} AND zebra_id = {$user->data['user_id']}";
                            $db->sql_query($sql);
                            $friend_already = $db->sql_affectedrows();
                            if($friend_already < 1){
                                $link = true;
                            }
                            else{
                                $link = false;
                            }
                            ]]>
                </action>
                <action type="after-add"><![CDATA[
$db->sql_freeresult($result);
                ]]>
                </action>
            </edit>
        </open>
        <open src="language/en/ucp.php">
            <edit>
                <find><![CDATA['FRIEND_PM_SUBJECT' => '%s wants to be friends!',]]>
                </find>
                <action type="after-add"><![CDATA[
                    'FRIEND_PM_MESSAGE_NO_LINK' => '%3$s<br /><a href="memberlist.php?mode=viewprofile&u=%1$d">%2$s</a> has added you as his or her friend.',]]>
                </action>
            </edit>
        </open>    </action-group>
</mod>
