<?xml version="1.0" encoding="UTF-8"?>
<?xml-stylesheet type="text/xsl" href="modx.prosilver.en.xsl"?>
<!--For security purposes, please check: http://www.phpbb.com/mods/ for the latest version of this MOD. Although MODs are checked before being allowed in the MODs Database there is no guarantee that there are no security problems within the MOD. No support will be given for MODs not found within the MODs Database which can be found at http://www.phpbb.com/mods/-->
<mod xmlns:xsi="http://www.w3.org/2001/XMLSchema-instance" xmlns="http://www.phpbb.com/mods/xml/modx-1.2.0.xsd">
	<header>
		<license>http://opensource.org/licenses/gpl-license.php GNU General Public License v2</license>
		<title lang="en">New Topic Button In Topic</title>
		<description lang="en">Adds a 'New Topic' button into existing topics</description>
		<author-group>
			<author>
				<realname>Tyler Smith</realname>
				<username>blazes816</username>
				<homepage>http://www.blazes816.com</homepage>
			</author>
		</author-group>
		<mod-version>1.0.0</mod-version>
		<installation>
			<level>easy</level>
			<time>60</time>
			<target-version>3.0.1</target-version>
		</installation>
	</header>
	<action-group>
		<open src="styles/prosilver/template/viewtopic_body.html">
			<edit>
				<find><![CDATA[		<div class="<!-- IF S_IS_LOCKED -->locked-icon<!-- ELSE -->reply-icon<!-- ENDIF -->"><a href="{U_POST_REPLY_TOPIC}" title="<!-- IF S_IS_LOCKED -->{L_TOPIC_LOCKED}<!-- ELSE -->{L_POST_REPLY}<!-- ENDIF -->"><span></span><!-- IF S_IS_LOCKED -->{L_TOPIC_LOCKED_SHORT}<!-- ELSE -->{L_POST_REPLY}<!-- ENDIF --></a></div>]]></find>
				<action type="after-add"><![CDATA[		<div class="post-icon"><a href="{U_POST_NEW_TOPIC}" title="{L_POST_TOPIC}"><span></span>{L_POST_TOPIC}</a></div>]]></action>
			</edit>
			<edit>
				<find><![CDATA[		<div class="<!-- IF S_IS_LOCKED -->locked-icon<!-- ELSE -->reply-icon<!-- ENDIF -->"><a href="{U_POST_REPLY_TOPIC}" title="<!-- IF S_IS_LOCKED -->{L_TOPIC_LOCKED}<!-- ELSE -->{L_POST_REPLY}<!-- ENDIF -->"><span></span><!-- IF S_IS_LOCKED -->{L_TOPIC_LOCKED_SHORT}<!-- ELSE -->{L_POST_REPLY}<!-- ENDIF --></a></div>]]></find>
				<action type="after-add"><![CDATA[		<div class="post-icon"><a href="{U_POST_NEW_TOPIC}" title="{L_POST_TOPIC}"><span></span>{L_POST_TOPIC}</a></div>]]></action>
			</edit>
		</open>
	</action-group>
</mod>
