<?xml version="1.0" encoding="UTF-8"?>
<?xml-stylesheet type="text/xsl" href="modx.prosilver.en.xsl"?>
<!--For security purposes, please check: http://www.phpbb.com/mods/ for the latest version of this MOD. Although MODs are checked before being allowed in the MODs Database there is no guarantee that there are no security problems within the MOD. No support will be given for MODs not found within the MODs Database which can be found at http://www.phpbb.com/mods/-->
<mod xmlns:xsi="http://www.w3.org/2001/XMLSchema-instance" xmlns="http://www.phpbb.com/mods/xml/modx-1.2.0.xsd">
    <header>
        <license>http://opensource.org/licenses/gpl-license.php GNU General Public License v2</license>
        <title lang="en">Search Log</title>
        <description lang="en">Adds search logging to ACP</description>
        <author-notes lang="en">There's a very very VERY slight chance that this line:
		define('LOG_SEARCH', 122); could cause a problem due to conflict with other MODs.  If so, simply change 122 to something else.
        </author-notes>
        <author-group>
            <author>
                <realname>Tyler Smith</realname>
                <username>blazes816</username>
                <homepage>http://tylersmith.me</homepage>
            </author>
        </author-group>
        <mod-version>0.5.0</mod-version>
        <installation>
            <level>easy</level>
            <time>300</time>
            <target-version>3.0.2</target-version>
        </installation>
        <history>
            <entry>
                <date>2009-10-09</date>
                <rev-version>0.5.0</rev-version>
                <changelog lang="en">
                    <change>Add MCP support</change>
                </changelog>
            </entry>
        </history>
    </header>
    <action-group>
        <open src="includes/acp/info/acp_logs.php">
            <edit>
                <find><![CDATA['critical'	=> array('title' => 'ACP_CRITICAL_LOGS', 'auth' => 'acl_a_viewlogs', 'cat' => array('ACP_FORUM_LOGS')),]]>
                </find>
                <action type="after-add"><![CDATA['search'	=> array('title' => 'ACP_SEARCH_LOGS', 'auth' => 'acl_a_viewlogs', 'cat' => array('ACP_FORUM_LOGS'))]]>,
                </action>
            </edit>
        </open>
        
        <open src="includes/constants.php">
            <edit>
                <find>define('LOG_USERS', 3);</find>
                <action type="after-add">define('LOG_SEARCH', 122);</action>
            </edit>
        </open>

        <open src="includes/functions.php">
            <edit>
                <find>		case 'critical':
			$sql_ary['log_type'] = LOG_CRITICAL;
		break;
                </find>
                <action type="after-add">		case 'search':
			$sql_ary['log_type'] = LOG_SEARCH;
		break;
                </action>
            </edit>
        </open>

        <open src="includes/functions_admin.php">
            <edit>
                <find>		case 'critical':
			$log_type = LOG_CRITICAL;
			$sql_forum = '';
		break;
                </find>
                <action type="after-add">		case 'search':
			$log_type = LOG_SEARCH;
			$sql_forum = '';
		break;
                </action>
            </edit>
        </open>
        <open src="language/en/acp/common.php">
            <edit>
                <find>	'NO_ENTRIES'	=> 'No log entries for this period.',</find>
                <action type="after-add"><![CDATA[	'ACP_SEARCH_LOGS'					=> 'Search log',
	'ACP_SEARCH_LOGS_EXPLAIN'	=> 'This lists all searches done by users.',
	'LOG_SEARCH'				=> '<strong>Search</strong><br />» %s',
	'LOG_CLEAR_SEARCH'		=> '<strong>Cleared search log</strong>',]]>
                </action>
            </edit>
        </open>
        <open src="search.php">
            <edit>
                <find><![CDATA[  // Which forums should not be searched? Author searches are also carried out in unindexed forums
   if (empty($keywords) && sizeof($author_id_ary))]]>
                </find>
                <action type="before-add">	if($keywords)
	{
		add_log('search', 'LOG_SEARCH', $keywords);
	}
                </action>
            </edit>
        </open>

        <open src="/language/en/mcp.php">
            <edit>
                <find><![CDATA[MCP_LOGS_TOPIC_VIEW'			=> 'Topic logs',]]>
                </find>
                <action type="after-add"><![CDATA['MCP_LOGS_SEARCH_VIEW'                  => 'Search logs',]]>
                </action>
            </edit>
        </open>

        <open src="/includes/mcp/info/mcp_logs.php">
            <edit>
                <find><![CDATA['topic_logs'	=> array('title' => 'MCP_LOGS_TOPIC_VIEW', 'auth' => 'acl_m_,$id', 'cat' => array('MCP_LOGS')),]]>
                </find>
                <action type="after-add"><![CDATA['search_logs'	=> array('title' => 'MCP_LOGS_SEARCH_VIEW', 'auth' => 'acl_m_,$id', 'cat' => array('MCP_LOGS')),]]>
                </action>
            </edit>
        </open>

        <open src="/includes/mcp/mcp_logs.php">
            <edit>
                <find><![CDATA[$forum_id = $topic_id = 0;]]>
                </find>
                <action type="after-add"><![CDATA[$log_mode = 'mod';]]>
                </action>
            </edit>
            <edit>
                <find><![CDATA[
                case 'front':
                break;]]>
                </find>
                <action type="after-add">
                <![CDATA[
                        case 'search_logs':
                            $log_mode = 'search';
                        break;
                ]]>
                </action>
                <find><![CDATA[view_log('mod', $log_data, $log_count, $config['topics_per_page'], $start, $forum_list, $topic_id, 0, $sql_where, $sql_sort, $keywords);]]>
                </find>
                <inline-edit>
                    <inline-find><![CDATA['mod']]>
                    </inline-find>
                    <inline-action type="replace-with"><![CDATA[$log_mode]]>
                    </inline-action>
                </inline-edit>
            </edit>
        </open>

        <diy-instructions lang="en"><![CDATA[
The last thing that must be done is to create an ACP module.
After logging into the ACP, go to the System tab.
Then go to 'Administration Control Panel' under 'Module Management'.
Click on 'Maintenance'.
Click on 'Forum logs'.
Type 'Search logs' into the Create new module text box.
Change Module type to 'Module'.
Change Module enabled to 'yes'.
Change Choose module to 'Logging [acp_logs]'
Change Choose module mode to 'Search Log'.
Click Submit.
You're good to go!

For MCP integration do this after logging into the ACP:
Go to the System tab
Then go to 'Moderator Control Panel' under 'Module Management'
Click on 'Moderator logs';
Type 'Search logs' into the Create new module text box and click the button
Change Module type to 'Module'.
Change Module enabled to 'yes'.
Change Choose module to 'Moderator log [mcp_logs]'
Change Choose module mode to 'Search Logs'.
Click Submit.]]>
        </diy-instructions>
    </action-group>
</mod>
