<?xml version="1.0" encoding="UTF-8"?>
<?xml-stylesheet type="text/xsl" href="modx.prosilver.en.xsl"?>
<!--For security purposes, please check: http://www.phpbb.com/mods/ for the latest version of this MOD. Although MODs are checked before being allowed in the MODs Database there is no guarantee that there are no security problems within the MOD. No support will be given for MODs not found within the MODs Database which can be found at http://www.phpbb.com/mods/-->
<mod xmlns:xsi="http://www.w3.org/2001/XMLSchema-instance" xmlns="http://www.phpbb.com/mods/xml/modx-1.2.0.xsd">
    <header>
        <license>http://opensource.org/licenses/gpl-license.php GNU General Public License v2</license>
        <title lang="en">Attachment As Post</title>
        <description lang="en">Allows you to embed text from a .txt attachment with [filename.txt]</description>
        <author-group>
            <author>
                <realname>Tyler Smith</realname>
                <username>blazes816</username>
                <homepage>http://tylersmith.me</homepage>
            </author>
        </author-group>
        <mod-version>0.1.0</mod-version>
        <installation>
            <level>easy</level>
            <time>60</time>
            <target-version>3.0.6 RC-3</target-version>
        </installation>
        <history/>
    </header>
    <action-group>
        <open src="viewtopic.php">
            <edit>
                <find><![CDATA[
	// Parse the message and subject
	$message = censor_text($row['post_text']);
                ]]>
                </find>
                <action type="before-add"><![CDATA[
        if(!empty($attachments[$row['post_id']])){
	foreach ($attachments[$row['post_id']] as $attachment)
            {
                $row['post_text'] = str_replace('['.$attachment['real_filename'].']', file_get_contents($phpbb_root_path.'/files/'.$attachment['physical_filename']),$row['post_text']);
            }
        }
                ]]>
                </action>
            </edit>
        </open>
    </action-group>
</mod>
