<?xml version="1.0" encoding="UTF-8"?>
<?xml-stylesheet type="text/xsl" href="modx.prosilver.en.xsl"?>
<!--For security purposes, please check: http://www.phpbb.com/mods/ for the latest version of this MOD. Although MODs are checked before being allowed in the MODs Database there is no guarantee that there are no security problems within the MOD. No support will be given for MODs not found within the MODs Database which can be found at http://www.phpbb.com/mods/-->
<mod xmlns:xsi="http://www.w3.org/2001/XMLSchema-instance" xmlns="http://www.phpbb.com/mods/xml/modx-1.2.0.xsd">
    <header>
        <license>http://opensource.org/licenses/gpl-license.php GNU General Public License v2</license>
        <title lang="en">Send PM on Friend</title>
        <description lang="en">Sends a PM to tell people that someone has added them as a friend </description>
        <author-notes lang="en">send_friend_pm function written by Kevin Martin (DualFusion) yusuka_madik@yahoo.com </author-notes>
        <author-group/>
        <mod-version>0.4.0</mod-version>
        <installation>
            <level>easy</level>
            <time>5</time>
            <target-version>3.0.6</target-version>
        </installation>
        <history/>
    </header>
    <action-group>
        <open src="includes/ucp/ucp_zebra.php">
            <edit>
                <find><![CDATA[
                $sql = "SELECT * FROM `zebra` WHERE user_id = {$friend_to_be_id} AND zebra_id = {$user->data['user_id']}";]]>
                </find>
                <action type="replace-with">
                <![CDATA[
                $sql = "SELECT * FROM ".ZEBRA_TABLE." WHERE user_id = {$friend_to_be_id} AND zebra_id = {$user->data['user_id']}";]]>
                ]]>
                </action>
            </edit>
        </open>
   </action-group>
</mod>
