<?xml version="1.0" encoding="UTF-8"?>
<?xml-stylesheet type="text/xsl" href="modx.prosilver.en.xsl"?>
<!--For security purposes, please check: http://www.phpbb.com/mods/ for the latest version of this MOD. Although MODs are checked before being allowed in the MODs Database there is no guarantee that there are no security problems within the MOD. No support will be given for MODs not found within the MODs Database which can be found at http://www.phpbb.com/mods/-->
<mod xmlns:xsi="http://www.w3.org/2001/XMLSchema-instance" xmlns="http://www.phpbb.com/mods/xml/modx-1.2.0.xsd">
	<header>
		<license>http://opensource.org/licenses/gpl-license.php GNU General Public License v2</license>
		<title lang="en">Search Log Upgrade (0.3.0 - 0.4.0)</title>
		<description lang="en">Upgrade Search Log from version 0.3.0 to version 0.4.0</description>
		<author-group>
			<author>
				<realname>Tyler Smith</realname>
				<username>blazes816</username>
				<homepage>http://www.blazes816.com</homepage>
			</author>
		</author-group>
		<mod-version>0.1.0</mod-version>
		<installation>
			<level>easy</level>
			<time>300</time>
			<target-version>3.0.2</target-version>
		</installation>
		<history/>
	</header>
	<action-group>
		<open src="search.php">
			<edit>
				<find><![CDATA[  if(!$search_id)
{
	add_log('search', 'LOG_SEARCH', $keywords);
}]]></find>
				<action type="replace-with">//delete</action>
			</edit>
			<edit>
				<find><![CDATA[// Which forums should not be searched? Author searches are also carried out in unindexed forums
   if (empty($keywords) && sizeof($author_id_ary))]]></find>
				<action type="before-add">if($keywords)
{
	add_log('search', 'LOG_SEARCH', $keywords);
}</action>
			</edit>
		</open>
	</action-group>
</mod>
